profile_url,profile_name,media_type,post_url,caption,comments_count,like_count,post_timestamp
https://www.instagram.com/celinevenhofen.immobilien/,celinevenhofen.immobilien,CAROUSEL_ALBUM,https://www.instagram.com/p/DLrVXVkNJMe/,"Reetgedecktes Landhausjuwel in Schiffdorf - Wohnen mit Charakter und Komfort ğŸŒ¼

Schiffdorf | ca. 213 qm WohnflÃ¤che | ca. 1.480 qm GrundstÃ¼ck | 6 Zimmer | Sanierter Zustand 

#immowelt #immobilien #cuxhaven #bremerhaven #hauskauf #leben #familie #schiffdorf #reetdachhÃ¤user #reetdach #chame",0,21,2025-07-04T07:14:04+0000
https://www.instagram.com/celinevenhofen.immobilien/,celinevenhofen.immobilien,CAROUSEL_ALBUM,https://www.instagram.com/p/DKANDpstY3l/,"Einfamilienhaus mit Einliegerwohnung auf groÃŸzÃ¼gigem GrundstÃ¼ck in Imsum ğŸ¡ ğŸŒ³ 

Imsum | Baujahr: 1923 | saniert | ca. 110 qm WohnflÃ¤che | ca. 1.200 qm GrundstÃ¼ck | 5 Zimmer | Garage + NebengebÃ¤ude

#realestate #immobilien #wohntraum #zweifamilienhaus #eigenheim #charme #saniertehÃ¤user #geestland #langen #immobilieninvestment #anlageimmobilie",0,14,2025-05-23T16:42:44+0000
https://www.instagram.com/celinevenhofen.immobilien/,celinevenhofen.immobilien,CAROUSEL_ALBUM,https://www.instagram.com/p/DIDzMDpOJIg/,"Erfolgreich verÃ¤uÃŸert ğŸ”‘

Charmantes Einfamilienhaus am Park

ğŸ¡ Baujahr 1980
ğŸ“ ca. 110 mÂ² WohnflÃ¤che
ğŸ›ï¸ 5 Zimmer | ğŸ› 2 BÃ¤der | GÃ¤ste-WC
ğŸ”¥ Kaminofen | Ã¼berdachte Terrasse
ğŸŒ³ ca. 565 mÂ² GrundstÃ¼ck
ğŸ  Vollkeller
ğŸš— Garage | gepflegter Garten
ğŸƒ SpeckenbÃ¼tteler Park fuÃŸlÃ¤ufig erreichbar

Jetzt besichtigen & verlieben!

#immobilien #einfamilienhaus #bremerhaven #hauskauf #wohnglÃ¼ck #immobilienscout #neueszuhause #traumhaus",2,24,2025-04-05T09:10:52+0000
https://www.instagram.com/celinevenhofen.immobilien/,celinevenhofen.immobilien,VIDEO,https://www.instagram.com/reel/DIDxEY1tazs/,"Erstklassige Lage mit Seesicht: Barrierefrei und Hochwertig wohnen ğŸŒŠ

Diese barrierefreie Eigentumswohnung befindet sich in einer exklusiven Wohnanlage, die im Jahr 2012 mit hÃ¶chstem Anspruch an QualitÃ¤t und Ã„sthetik errichtet wurde. Auf ca. 72 mÂ² WohnflÃ¤che erleben Sie ein Wohnerlebnis der besonderen Art. 

Hausgeld: 237â‚¬
Tiefgaragenstellplatz
EinbaukÃ¼che 
Loggia mit Seesicht

#cuxhaven #immobilien #eigentumswohnung #seesicht #barrierefrei #wohntraum #wohnen #engelundvÃ¶lkers #eigenheim #kapitalanlage #celinevenhofenimmobilien",0,17,2025-04-05T08:52:39+0000
https://www.instagram.com/celinevenhofen.immobilien/,celinevenhofen.immobilien,VIDEO,https://www.instagram.com/reel/DHdUQ_Jtsnj/,"Viewing of the day ğŸ¡ Charmante Stadtvilla am SpeckenbÃ¼tteler Park ğŸŒ³ 

Bremerhaven - SpeckenbÃ¼ttel
Baujahr 1929
WohnflÃ¤che ca. 120 qm 
GrundstÃ¼cksgrÃ¶ÃŸe ca. 338 qm 
Gasheizung aus 2016
Dach aus dem Jahr 2015",0,16,2025-03-21T10:33:46+0000
https://www.instagram.com/celinevenhofen.immobilien/,celinevenhofen.immobilien,CAROUSEL_ALBUM,https://www.instagram.com/p/DHI_I_AtIKb/,"Heute durften wir den Kaufvertrag fÃ¼r diese wunderschÃ¶ne Eigentumswohnung in Cuxhaven-DÃ¶se beurkunden.
Ich wÃ¼nsche den KÃ¤ufern und VerkÃ¤ufern alles Gute fÃ¼r die Zukunft und bedanke mich herzlich fÃ¼r die vertrauensvolle Zusammenarbeit! ğŸ–‹ï¸ğŸ¢ğŸŒŠğŸš #wohnung #realestate #kaufvertrag #immobilien #eigentumswohnung",0,12,2025-03-13T13:00:06+0000
https://www.instagram.com/celinevenhofen.immobilien/,celinevenhofen.immobilien,CAROUSEL_ALBUM,https://www.instagram.com/p/DGiHyrbtlPR/,"Charmantes Reihenmittelhaus nahe dem Wasser! ğŸŒŠğŸ¡

Du suchst ein gemÃ¼tliches Zuhause in Cuxhaven-Sahlenburg? Dieses charmante Reihenmittelhaus bietet alles, was das Herz begehrt!

ğŸ“ Top-Lage nahe dem Wasser
ğŸ  95 qm WohnflÃ¤che
ğŸŒ¿ 140 qm GrundstÃ¼ck
ğŸ› 3 Zimmer
ğŸ½ EinbaukÃ¼che
ğŸ“… Baujahr 1999
ğŸš— Stellplatz inklusive

Ein perfektes Zuhause fÃ¼r Meerliebhaber! ğŸ’™ Interesse? Schreibt mir gerne fÃ¼r weitere Infos. ğŸ“© #Cuxhaven #Sahlenburg #HausamWasser #zuhausefinden",0,11,2025-02-26T10:45:19+0000
https://www.instagram.com/celinevenhofen.immobilien/,celinevenhofen.immobilien,CAROUSEL_ALBUM,https://www.instagram.com/p/DGiHY5etkW8/,"Zweifamilienhaus nahe dem Strand â€“ Vielseitige MÃ¶glichkeiten! ğŸŒŠğŸ¡

Dieses groÃŸzÃ¼gige Haus in Cuxhaven-DÃ¶se bietet zahlreiche NutzungsmÃ¶glichkeiten â€“ ideal fÃ¼r Familien, Investoren oder Ferienvermietung!

ğŸ“ Cuxhaven- DÃ¶se 
ğŸ“… Baujahr: 1963 | Sanierung: 2015
ğŸ  320 qm WohnflÃ¤che
ğŸŒ¿ 1.283 qm GrundstÃ¼ck
ğŸ”¥ Ã–lheizung
ğŸŒŠ Perfekt fÃ¼r Feriennutzung

Ein echtes Juwel an der KÃ¼ste! ğŸ’™ Interesse? Schreibt mir gerne fÃ¼r mehr Infos. ğŸ“© #Cuxhaven #DÃ¶se #ImmobilieamMeer #Ferienhaus #zweifamilienhaus",0,17,2025-02-26T10:41:48+0000
https://www.instagram.com/celinevenhofen.immobilien/,celinevenhofen.immobilien,CAROUSEL_ALBUM,https://www.instagram.com/p/DGiGPoqtti_/,"Neu in der Vermietung! ğŸ¡âœ¨

Ein charmantes Einfamilienhaus in Bremerhaven-Wulsdorf sucht neue Mieter! Hier gibt es reichlich Platz fÃ¼r die ganze Familie:

ğŸ“ Bremerhaven - Wulsdorf
ğŸ  ca. 157 qm WohnflÃ¤che
ğŸŒ³ ca. 2.571 qm GrundstÃ¼ck
ğŸ› 6 Zimmer
ğŸ”¥ Ã–lheizung
âš¡ Energieeffizienzklasse H

Ein Zuhause mit viel Potenzial und Platz zum Entfalten! Interesse? Schreibt mir gerne eine Nachricht fÃ¼r weitere Infos. ğŸ“© #HauszurMiete #Bremerhaven #Wulsdorf #Mieten #familiennest",1,7,2025-02-26T10:31:48+0000
https://www.instagram.com/celinevenhofen.immobilien/,celinevenhofen.immobilien,CAROUSEL_ALBUM,https://www.instagram.com/p/DGSes-CObad/,"Erfolgreich verkauftğŸ¡

Barrierearmer Bungalow in bevorzugter Lage von Wehdel ğŸ“ 

Schiffdorf - Wehdel | Baujahr 1975 | ca. 173 qm WohnflÃ¤che | ca. 2.050 qm GrundstÃ¼cksgrÃ¶ÃŸe | 5,5 Zimmer | 2 BÃ¤der | Ã–lheizung",2,14,2025-02-20T08:57:40+0000
https://www.instagram.com/celinevenhofen.immobilien/,celinevenhofen.immobilien,CAROUSEL_ALBUM,https://www.instagram.com/p/DGP_YllupVS/,"Gestern durften wir diese schÃ¶ne Eigentumswohnung erfolgreich beurkunden. 
Ich wÃ¼nsche den VerkÃ¤ufern und KÃ¤ufern alles Gute fÃ¼r ihre Zukunft. ğŸ–‹ï¸ğŸ€ğŸ¢ #immobilien #eigentumswohnung",2,24,2025-02-19T09:45:32+0000
https://www.instagram.com/celinevenhofen.immobilien/,celinevenhofen.immobilien,CAROUSEL_ALBUM,https://www.instagram.com/p/DEw0ehHuWWS/,"Familienfreundliches Wohnen in SurheideğŸ¡
Bremerhaven - Surheide | ca. 128 qm WohnflÃ¤che | ca. 825 qm GrundstÃ¼ck | 4,5 Zimmer | 2 BÃ¤der | 2 Garagen | Gasheizung aus dem Jahr 2023 | Elektrik aus dem Jahr 2024 ğŸŒ³ #realestate #hauskauf #bremerhaven #immobilien #celinevenhofenimmobilien #surheide #immobilienmakler",3,13,2025-01-13T10:42:22+0000
https://www.instagram.com/celinevenhofen.immobilien/,celinevenhofen.immobilien,CAROUSEL_ALBUM,https://www.instagram.com/p/DCbQlg9OsWb/,"Neu in der Vermarktung ğŸ¡ 

Niedrigenergiehaus mit AusbaumÃ¶glichkeiten â€“ Stilvolles Zuhause fÃ¼r hÃ¶chste AnsprÃ¼che

Lamstedt 
Baujahr: 2021
WohnflÃ¤che: 102 m2 zzgl. 67 qm Ausbaureserve
GrundstÃ¼cksgrÃ¶ÃŸe: 901 m2
Anzahl der Zimmer: 3 
Photovoltaikanlage | WÃ¤rmepumpe | HolzbÃ¶den | Carport",2,31,2024-11-16T08:41:55+0000
https://www.instagram.com/celinevenhofen.immobilien/,celinevenhofen.immobilien,CAROUSEL_ALBUM,https://www.instagram.com/p/DBlBIcCObiS/,Erfolgreich vermarktet ğŸ”‘,1,19,2024-10-26T07:07:53+0000
https://www.instagram.com/celinevenhofen.immobilien/,celinevenhofen.immobilien,VIDEO,https://www.instagram.com/reel/DAqHCC9OwPN/,"LuxuriÃ¶se Eigentumswohnung in unvergleichlicher Lage direkt am WasserğŸŒŠ

Suchst du nach einem eleganten Eigenheim, einem stilvollen Zweitwohnsitz oder einer exklusiven InvestitionsmÃ¶glichkeit in Bestlage? Diese barrierefreie Wohnung mit luxuriÃ¶ser Ausstattung erfÃ¼llt hÃ¶chste AnsprÃ¼che. Sichere dir jetzt einen Besichtigungstermin und erlebe ExklusivitÃ¤t hautnah! ekincemdurmaz.immobilien 
.
.
.
.
.
.
#engelundvÃ¶lkers #bremerhaven #immobilien #realestate #eigenheim #kapitalanlage #instagood #seesicht #cuxhaven #realestate #immobilienmakler",5,64,2024-10-03T10:12:39+0000
https://www.instagram.com/celinevenhofen.immobilien/,celinevenhofen.immobilien,CAROUSEL_ALBUM,https://www.instagram.com/p/DAI-ZOdNiu8/,"Hochwertige Seesichtwohnung in erster Lage ğŸŒŠ
Cuxhaven - DÃ¶se 
Baujahr: 2012 | 4. Etage | Seesicht | 3-Zimmer | Balkon | Vollbad | Fahrstuhl | Tiefgaragenstellplatz ğŸ’Œ",1,13,2024-09-20T13:13:50+0000
https://www.instagram.com/celinevenhofen.immobilien/,celinevenhofen.immobilien,CAROUSEL_ALBUM,https://www.instagram.com/p/DAI-FkfNbVj/,"Wohnung in Bestlage: Strandnah â€“ Ideal fÃ¼r Ferienvermietung und Eigenbedarf ğŸ¡ğŸŒŠ
Cuxhaven - Sahlenburg
Baujahr: 1998 | ca. 80 qm WohnflÃ¤che | 3-Zimmer | Balkon | mÃ¶bliert | Gasheizung",1,12,2024-09-20T13:11:09+0000
https://www.instagram.com/celinevenhofen.immobilien/,celinevenhofen.immobilien,CAROUSEL_ALBUM,https://www.instagram.com/p/DAIRwaeO_Rw/,"NEU IN DER VERMIETUNG ğŸ¡
Mietwohnung direkt in der Innenstadt von Bremerhaven | 3. Obergeschoss | ca. 61 qm WohnflÃ¤che | 3- Zimmer | Vollbad | Das GebÃ¤ude wurde im Jahr 2005 umfassend energetisch saniert | MNK 530 â‚¬ | NK 170 â‚¬ inkl. Heiz- und Wasserkosten",1,14,2024-09-20T06:43:47+0000
https://www.instagram.com/celinevenhofen.immobilien/,celinevenhofen.immobilien,VIDEO,https://www.instagram.com/reel/DAGGBm9O8VE/,"Eigentumswohnung in direkter StrandnÃ¤he ğŸŒŠ 
Diese wunderschÃ¶ne Wohnung, erbaut im Jahr 1996, bietet ca. 80 mÂ² WohnflÃ¤che und befindet sich in exklusiver Lage in Cuxhaven-DÃ¶se. Nur wenige Schritte trennen Sie vom Strand â€“ vielleicht Ihr zukÃ¼nftiges Zuhause ğŸ’Œ",7,69,2024-09-19T10:25:40+0000
https://www.instagram.com/celinevenhofen.immobilien/,celinevenhofen.immobilien,CAROUSEL_ALBUM,https://www.instagram.com/p/C_dbl9XNtq-/,"NEU IN DER VERMIETUNG ğŸ¡ 

Mieten Sie Ihr Traumhaus am See â€“ Mit privatem Seezugang ğŸŒŠ 

Geestland | ca. 207 qm WohnflÃ¤che | ca. 358 qm GrundstÃ¼ck | 5,5 Zimmer | 2 BÃ¤der | MNK 1.700â‚¬ | NK 254,62 â‚¬ | Ã–lheizung & FuÃŸbodenheizung ğŸŒ¾

#immobilien #bremerhaven #hausmieten #hÃ¤user #immobilienangebot #engelundvÃ¶lkers #geestland #see #seezugang #instagood #realestate",1,22,2024-09-03T15:22:23+0000
https://www.instagram.com/celinevenhofen.immobilien/,celinevenhofen.immobilien,CAROUSEL_ALBUM,https://www.instagram.com/p/C-cjsFNuKIj/,"Notartermin in Planung ğŸŒ» Ihr Wohntraum in Langen: Hochwertige Eigentumswohnung mit groÃŸer Dachterrasse ğŸ  

Geestland - Langen | ca. 76 qm WohnflÃ¤che | 2,5 Zimmer | Dachterrasse | Vollbad",1,19,2024-08-09T10:42:30+0000
https://www.instagram.com/celinevenhofen.immobilien/,celinevenhofen.immobilien,CAROUSEL_ALBUM,https://www.instagram.com/p/C9mRm1hOP6K/,"Lichtdurchflutete DoppelhaushÃ¤lfte mit WohlfÃ¼hlambiente in Bremerhaven ğŸ ğŸŒ³
Bremerhaven - Schierholzgebiet 

Baujahr 2004 | ca. 95 qm WohnflÃ¤che | 3 Zimmer | Gasheizung | Garage mit elektrischen Tor | Garten

FÃ¼r weitere Fragen sendet mir gerne eine DM ğŸ’Œ
.
.
.
#bremerhaven #leherheide #immobilien #hauskauf #doppelhaushÃ¤lfte #eigenheim #investment #kapitalanlage #engelundvÃ¶lkers",0,13,2024-07-19T08:45:30+0000
https://www.instagram.com/celinevenhofen.immobilien/,celinevenhofen.immobilien,CAROUSEL_ALBUM,https://www.instagram.com/p/C9jzarOOz1Q/,"Neu in der Vermarktung:
RaritÃ¤t am SpeckenbÃ¼tteler Park â€“ Stadtvilla in Traumlage zur Selbstnutzung ğŸ 

ğŸ“Bremerhaven - SpeckenbÃ¼ttel
ğŸ”‘ ca. 120 qm WohnflÃ¤che 
ğŸŒ³ ca. 338 qm GrundstÃ¼cksflÃ¤che
ğŸšª 4,5 Zimmer
ğŸ›‹ï¸ Gasheizung aus 2016
ğŸ  Walmdach aus 2015",0,17,2024-07-18T09:43:13+0000
https://www.instagram.com/celinevenhofen.immobilien/,celinevenhofen.immobilien,CAROUSEL_ALBUM,https://www.instagram.com/p/C9eeBSguKvF/,"NEW IN ğŸ 

Attraktives Einfamilienhaus nahe SpeckenbÃ¼tteler Park- Wohnen im GrÃ¼nen ğŸŒ³ 

Bremerhaven - SpeckenbÃ¼ttel | Baujahr: 1979 | ca. 124 qm WohnflÃ¤che | ca. 467 qm GrundstÃ¼ck | 4 Zimmer | zwei BÃ¤der | Gasheizung aus 2008 | bei weiteren Fragen schreibt mir gerne eine DM ğŸ’Œ",0,11,2024-07-16T08:00:03+0000
https://www.instagram.com/celinevenhofen.immobilien/,celinevenhofen.immobilien,IMAGE,https://www.instagram.com/p/C9Zu5m3OWhH/,"Duhner Wattrennen 2024 ğŸŒŠğŸ

Das diesjÃ¤hrige Event war erneut ein groÃŸer Erfolg! 
Es war uns eine Freude, viele neue und liebe Gesichter kennenzulernen. ğŸ¤

#duhnerwattrennen #cuxhaven #immobilien #engelundvÃ¶lkers",1,65,2024-07-14T11:51:21+0000
https://www.instagram.com/celinevenhofen.immobilien/,celinevenhofen.immobilien,CAROUSEL_ALBUM,https://www.instagram.com/p/C8pVfnQta_l/,"Hochparterre mit idyllischem Garten in charmantem Altbau im Lotsenviertel 

ğŸ“ Cuxhaven
ğŸ¡ ca. 95 qm WohnflÃ¤che 
ğŸšª 4,5 Zimmer
ğŸš¿ 1 Badezimmer
ğŸŒ³ eigener Gartenanteil
ğŸ’¸ 905,00â‚¬ MNK 

FÃ¼r weitere Fragen, sende mir gerne eine DM ğŸ’Œ",0,23,2024-06-25T16:45:48+0000
https://www.instagram.com/celinevenhofen.immobilien/,celinevenhofen.immobilien,CAROUSEL_ALBUM,https://www.instagram.com/p/C8ICDx-uvN4/,"Attraktive Eigentumswohnung mit Weitblick ğŸŒŠ Bremerhavene - Mitte | ca. 95 qm WohnflÃ¤che | 17. Etage | 3 Zimmer | FernwÃ¤rme | Aufzug | zwei Balkone | 
Engel & VÃ¶lkers ID : W-02UTMR ğŸ’Œ",0,16,2024-06-12T18:21:02+0000
https://www.instagram.com/celinevenhofen.immobilien/,celinevenhofen.immobilien,CAROUSEL_ALBUM,https://www.instagram.com/p/C8IBsIcOdfg/,"NEW IN ğŸ¡ 
Exklusives Einfamilienhaus in zentraler Lage von BremervÃ¶rde
| BremervÃ¶rde | ca. 270 qm WohnflÃ¤che | ca. 1.188 qm GrundstÃ¼ck | Baujahr 2014 | 5 Zimmer | Gasheizung + Ofen | Engel & VÃ¶lkers ID : W-02W45TğŸ’Œ",2,27,2024-06-12T18:17:48+0000
https://www.instagram.com/celinevenhofen.immobilien/,celinevenhofen.immobilien,CAROUSEL_ALBUM,https://www.instagram.com/p/C71aqb_NbNz/,"NEW IN ğŸ«¶ğŸ¼ Attraktive Eigentumswohnung in zentraler Lage - Gut vermietet und renditestark | Baujahr 1992 | 1. Obergeschoss | ca. 72 qm | 3 Zimmer | ca. 750,00â‚¬ MNK | Hausgeld ca. 297,00 inkl. RÃ¼cklagenzufÃ¼hrung ğŸ¢
.
.
.
.
.
.
#eigentum #eigentumswohnung #rendite #kapitalanlage #eigenheim #bremerhaven #immo #realestate #celinevenhofenimmobilien #euv #engelundvÃ¶lkers",0,16,2024-06-05T12:50:27+0000
https://www.instagram.com/celinevenhofen.immobilien/,celinevenhofen.immobilien,CAROUSEL_ALBUM,https://www.instagram.com/p/C7OwLXbNZW9/,"NEW IN ğŸ’ Erstbezug | Exklusive Eigentumswohnung am Yachthafen in Neustadt 
Schleswig-Holstein - Neustadt | Baujahr 2024 | ca. 88 qm WohnflÃ¤che | FernwÃ¤rme - FuÃŸbodenheizung | 2. Etage",1,22,2024-05-21T12:28:04+0000
https://www.instagram.com/celinevenhofen.immobilien/,celinevenhofen.immobilien,CAROUSEL_ALBUM,https://www.instagram.com/p/C6gaHRpt398/,"Strandnahes Einfamilienhaus in Duhnen ğŸ ğŸ¤ğŸŒŠ 

ca. 100 qm WohnflÃ¤che | ca. 470 qm GrundstÃ¼ck | 4,5 Zimmer | MNK 1.200 â‚¬ | 100 â‚¬ NK ğŸ—ï¸",1,19,2024-05-03T12:30:13+0000
https://www.instagram.com/celinevenhofen.immobilien/,celinevenhofen.immobilien,VIDEO,https://www.instagram.com/reel/C6JBMtFtxEB/,"Charmantes Fachwerkhaus unter Reetdach ğŸ¡

Gnarrenburg | WohnflÃ¤che ca. 126 qm | GrundstÃ¼ck ca. 3.378 qm | Gasheizung | Reetdach aus 2005 | Carport aus 2015",1,18,2024-04-24T10:35:34+0000
https://www.instagram.com/celinevenhofen.immobilien/,celinevenhofen.immobilien,CAROUSEL_ALBUM,https://www.instagram.com/p/C6D6zM-t4AM/,"Erfolgreich vermarktet ğŸŒ¼ Kernsaniertes Einfamilienhaus mit NebengebÃ¤ude auf bezauberndem GrundstÃ¼ck in StrandnÃ¤he ğŸ¡
Cuxhaven - Sahlenburg | ca. 126 qm WohnflÃ¤che | ca. 822 qm GrundstÃ¼ck | Baujahr 1974 - Kernsaniert 2018 | ğŸŒ´ğŸ¤ğŸŒŠ",0,24,2024-04-22T10:57:51+0000
https://www.instagram.com/celinevenhofen.immobilien/,celinevenhofen.immobilien,CAROUSEL_ALBUM,https://www.instagram.com/p/C56U9z-NDJr/,"Erfolgreich beurkundet ğŸ ğŸ¤

#immobilien #immo #realestate #instagood #daily #photosoftheday #realestateagent #hauskauf #haus #doppelhaushÃ¤lfte #bremerhaven #eigenheim #engelundvÃ¶lkers",0,21,2024-04-18T17:34:05+0000
https://www.instagram.com/celinevenhofen.immobilien/,celinevenhofen.immobilien,CAROUSEL_ALBUM,https://www.instagram.com/p/C56Ui29NPWf/,"Erfolgreich vermarktetğŸ¡
 Interessantes GrundstÃ¼ck mit gemÃ¼tlicher Bestandsimmobilie |

Bremerhaven - Schiffdorferdamm ğŸ“ | ca. 75 qm WohnflÃ¤che ğŸšª | ca. 1.088 qm GrundstÃ¼ck ğŸŒ³ | 3 Zimmer ğŸ›ï¸ | Garage ğŸš˜ | Ã–lheizung ğŸªµ| barrierefreies Duschbad ğŸš¿ 

#immobilien #hauskauf #grundstÃ¼ck #baugrundstÃ¼ck #immobilienglÃ¼ck #realestate #realestateagent #engelvÃ¶lkers #hausbau #instadaily #daily #properties #home",0,19,2024-04-18T17:30:24+0000
https://www.instagram.com/celinevenhofen.immobilien/,celinevenhofen.immobilien,CAROUSEL_ALBUM,https://www.instagram.com/p/C3SC4tgN_Ha/,"Erfolgreich verkauft - Moderner Bungalow mit Blick ins GrÃ¼ne ğŸ ğŸŒ³

Wurster NordseekÃ¼ste - Midlum
ca. 112 qm WohnflÃ¤che
ca. 3.924 qm GrundstÃ¼cksgrÃ¶ÃŸe 
4 Zimmer | saniertes Badezimmer | neuwertige KÃ¼che | Carport und Wintergarten ğŸ¤

#newin #immobilien #realestate #home #ausblick #eigenheim #bremerhaven #cuxhaven #hauskauf #kapitalanlage",0,29,2024-02-13T09:03:42+0000
https://www.instagram.com/celinevenhofen.immobilien/,celinevenhofen.immobilien,CAROUSEL_ALBUM,https://www.instagram.com/p/C2csPM_tTmi/,"Verkauft ğŸ—ï¸ğŸ¡ GroÃŸzÃ¼gig geschnittene Eigentumswohnung im Columbus Center âœ¨
ğŸ“Lage: 27568 Bremerhaven
ğŸ WohnflÃ¤che: ca. 95 qm
ğŸšªZimmer: 3,5
ğŸš¿Badezimmer: 1
FernwÃ¤rme 

#daily #immobilien #bremerhaven #wassersicht #immo #instagood #hauskauf #eigentumswohnung #eigentum #kapitalanlage #eigennutzung #engelundvÃ¶lkers",0,23,2024-01-23T15:46:02+0000
https://www.instagram.com/celinevenhofen.immobilien/,celinevenhofen.immobilien,CAROUSEL_ALBUM,https://www.instagram.com/p/C16mGMiNjTh/,"ERFOLGREICH VERMARKTET ğŸ’ğŸ–Œï¸ğŸ”»

Charmanter Bungalow mit Ausbaureserve in Otterndorf

ğŸ“Lage: 21762 Otterndorf
ğŸ WohnflÃ¤che: ca. 119 qm
ğŸŒ³GrundstÃ¼cksflÃ¤che: ca. 912 m2
ğŸšªZimmer: 4
ğŸš¿Badezimmer: 1
ğŸ©·DM ME

#hauskauf #otterndorf #immobilien #otterndorfimmobilien #haus #immowelt #realestate #eigenheim #bungalow #barrierefrei",0,31,2024-01-10T09:58:12+0000
https://www.instagram.com/celinevenhofen.immobilien/,celinevenhofen.immobilien,CAROUSEL_ALBUM,https://www.instagram.com/p/Cz_RVRJtIcY/,"Attraktives Holzhaus in Hemmoor - WohlfÃ¼hloase fÃ¼r die ganze Familie ğŸ¡

â€¢ Lage: 21745 Hemmoor
â€¢ WohnflÃ¤che: ca. 209 qm
â€¢ GrundstÃ¼cksflÃ¤che: ca. 959 qm 
â€¢ Zimmer: 4
â€¢ Badezimmer: 2

E&V ID W-02TZRG
Energieangaben:
Verbrauchsausweis: Energieverbrauchskennwert kWh/(m?*a):
72,90, Gas, Baujahr: 2006",0,31,2023-11-23T12:30:11+0000
https://www.instagram.com/celinevenhofen.immobilien/,celinevenhofen.immobilien,CAROUSEL_ALBUM,https://www.instagram.com/p/Cz_Q1CyNXYA/,"ERFOLGREICH VERMARKTET ğŸ’ğŸ–Œï¸ğŸ”» 
Charmantes Fachwerkhaus auf groÃŸem GrundstÃ¼ck in der Wingst ğŸ¡ 

ğŸ“ Wingst
ğŸšª ca. 199 qm WohnflÃ¤che
ğŸŒ³ ca. 6.585 qm GrundstÃ¼ck 
ğŸ›ï¸ 5 Zimmer 
ğŸš¿ 2 BÃ¤der

#realestate #immobilien #hauskauf #haus #traumhaus #wingst #realestateinvestor #bremerhaven #cuxhaven #immobilienmakler #immobilienkauf #anlage #eigenheim",0,19,2023-11-23T12:25:47+0000
https://www.instagram.com/celinevenhofen.immobilien/,celinevenhofen.immobilien,IMAGE,https://www.instagram.com/p/CxxjIkNNYPB/,"TOP AGENT 2022 ğŸŒº 
3. Platz Deutschlandweit!

Im Zuge dessen mÃ¶chte ich mich bei allen GeschÃ¤ftspartnern, EigentÃ¼mern und KÃ¤ufern fÃ¼r die angenehme Zusammenarbeit und das entgegengebrachte Vertrauen bedanken. ğŸ¾ğŸ¡ğŸ¤

#realestateagent #realestate #engelvÃ¶lkers #hauskauf #immobilien #realestateagentlife #home #celebrities #auszeichnung",29,201,2023-09-29T11:33:34+0000
https://www.instagram.com/celinevenhofen.immobilien/,celinevenhofen.immobilien,CAROUSEL_ALBUM,https://www.instagram.com/p/CxaPKpvN4gL/,Erfolgreich vermarktet ğŸ¡âœ¨,1,26,2023-09-20T10:16:34+0000
https://www.instagram.com/celinevenhofen.immobilien/,celinevenhofen.immobilien,CAROUSEL_ALBUM,https://www.instagram.com/p/Cw4lLsytudG/,Dieses schÃ¶ne Reihenmittelhaus wurde in der vergangenen Woche erfolgreich beurkundet ğŸ–Šï¸ğŸ¥‚âœ¨,1,28,2023-09-07T08:34:46+0000
https://www.instagram.com/celinevenhofen.immobilien/,celinevenhofen.immobilien,CAROUSEL_ALBUM,https://www.instagram.com/p/CuEdUEjN50v/,"VERKAUFT ğŸ«¶ğŸ¼ Charmantes Einfamilienhaus in der
BÃ¼rgerparksiedlung

ğŸ“Lage: 27570 Bremerhaven - BÃ¼rgerpark 
ğŸ WohnflÃ¤che: ca. 101 qm
ğŸŒ³GrundstÃ¼cksflÃ¤che: ca. 850 m
ğŸšª Zimmer: 4
ğŸš¿ Badezimmer: 1
ğŸ” E&VID W-02SQOX

Energieangaben:
Ein gÃ¼ltiger Energieausweis liegt zur Besichtigung vor.
ğŸ“ +49(0)-471-30 85 600
ğŸ“§ Bremerhaven@engelvoelkers.com
ğŸ“ KeilstraÃŸe 12, 27568 Bremerhaven

Weitere Informationen zum Obiekt finden Sie auf unserer Website unter:
https://www.engelvoelkers.com/de/exposes/dd62909c-d656-59aa-8ba1-30fa2d326bbe",2,20,2023-06-29T09:42:42+0000
https://www.instagram.com/celinevenhofen.immobilien/,celinevenhofen.immobilien,VIDEO,https://www.instagram.com/reel/Ctd7KKPv7or/,"Erfolgreich vermarktet ğŸ”‘

Traumhaftes Reetdachhaus in unmittelbarer NÃ¤he zum Deich

ğŸ“ Lage: 21730 Balie 
ğŸ  WohnflÃ¤che: ca. 170 m2
ğŸŒ³GrundstÃ¼cksflÃ¤che: ca. 1.177 m2
ğŸšª Zimmer: 3,5
ğŸš¿ Badezimmer: 2
ğŸ” E&V ID: W-02SMG6

Energieangaben:
Verbrauchsausweis: Endenergieverbrauch kWh/(m2*a): 71,00, Baujahr: 1890, Energieklasse: B",5,36,2023-06-14T10:35:27+0000
https://www.instagram.com/celinevenhofen.immobilien/,celinevenhofen.immobilien,CAROUSEL_ALBUM,https://www.instagram.com/p/CtRott7N_Rs/,"Charmante Eigentumswohnung mit Blick auf die Geeste

ğŸ“Lage: 27567 Bremerhaven
ğŸ WohnflÃ¤che: ca. 52 qmâ€¨ğŸšªZimmer: 2,5
ğŸš¿Badezimmer: 1
ğŸ”E&V ID: W-02S69K",0,14,2023-06-09T16:01:04+0000
https://www.instagram.com/celinevenhofen.immobilien/,celinevenhofen.immobilien,CAROUSEL_ALBUM,https://www.instagram.com/p/CtRoUKUNdl5/,"Renovierte Eigentumswohnung in beliebter Lage von Sahlenburg

ğŸ“Lage: 27476 Cuxhaven
ğŸ WohnflÃ¤che: ca. 72 m2â€¨ğŸšªZimmer: 2
ğŸš¿Badezimmer: 2
ğŸ”E&V ID: W-02SL6Z

Energieangaben:
Verbrauchsausweis: Energieverbrauchskennwert kWh/(m2* a):
136, Gas, ErdwÃ¤rme, Baujahr: 1982, Energieklasse: E",0,10,2023-06-09T15:57:34+0000
https://www.instagram.com/celinevenhofen.immobilien/,celinevenhofen.immobilien,CAROUSEL_ALBUM,https://www.instagram.com/p/CtRngk-t1wn/,"Vermietetes Reihenhaus in
beliebter Lage von Surheide

ğŸ“Lage: 27574 Bremerhaven, Surheide 
ğŸ WohnflÃ¤che: ca. 110 qm
ğŸŒ³GrundstÃ¼cksflÃ¤che: ca. 159qm
ğŸšª Zimmer: 5
ğŸš¿ Badezimmer: 1
ğŸ” E&V ID W-02SKPZ

Energieangaben:
Verbrauchsausweis: Energieverbrauchskennwert kWh/(m2*a):
70,00, FernwÃ¤rme, Baujahr: 1970, Energieklasse: B

ğŸ“ +49(0)-471-30 85 60-0

Weitere Informationen zum Objekt finden Sie auf unserer Website unter:
https://www.engelvoelkers.com/de-de/exposes/charmanter-bungalow-in-beliebter-lage-4668679.1540522_exp/",0,12,2023-06-09T15:50:32+0000
https://www.instagram.com/celinevenhofen.immobilien/,celinevenhofen.immobilien,CAROUSEL_ALBUM,https://www.instagram.com/p/Cr0fhAxtBKR/,erfolgreich vermarktet ğŸ«¶ğŸ¼,1,28,2023-05-04T11:51:19+0000
https://www.instagram.com/celinevenhofen.immobilien/,celinevenhofen.immobilien,CAROUSEL_ALBUM,https://www.instagram.com/p/CrSu1Rht04j/,Erfolgreich vermietet ğŸ—ï¸,2,31,2023-04-21T09:10:58+0000
https://www.instagram.com/celinevenhofen.immobilien/,celinevenhofen.immobilien,CAROUSEL_ALBUM,https://www.instagram.com/p/Cpxdu3TtB-_/,Erfolgreich vermietetğŸŒ»,0,37,2023-03-14T14:35:13+0000
https://www.instagram.com/celinevenhofen.immobilien/,celinevenhofen.immobilien,VIDEO,https://www.instagram.com/reel/CpxHQNEuwhA/,"NEW IN ğŸ¡ Charmantes Einfamilienhaus mit Einliegerwohnung in ruhiger Lage von Stotel ğŸ¤ ca.
225 qm WohnflÃ¤che | ca. 1.228 qm GrundstÃ¼ck | 7 Zimmer | ErdwÃ¤rme | Loxstedt - Stotel ğŸŒ³",1,18,2023-03-14T11:20:53+0000
https://www.instagram.com/celinevenhofen.immobilien/,celinevenhofen.immobilien,CAROUSEL_ALBUM,https://www.instagram.com/p/CnWoWdHKM7N/,Erfolgreich vermarktet â£ï¸,0,14,2023-01-13T11:25:43+0000
https://www.instagram.com/celinevenhofen.immobilien/,celinevenhofen.immobilien,CAROUSEL_ALBUM,https://www.instagram.com/p/CnWnesSq7YK/,Erfolgreich vermarktet ğŸ–‹ï¸,0,10,2023-01-13T11:18:07+0000
https://www.instagram.com/celinevenhofen.immobilien/,celinevenhofen.immobilien,CAROUSEL_ALBUM,https://www.instagram.com/p/Cj2VyPrLss7/,Sonnige Eigentumswohnung mit Geesteblick | Bremerhaven - Mitte | drei Zimmer | ca. 65 qm WohnflÃ¤che | Hausgeld ca. 164 â‚¬ inkl. RÃ¼cklagenzufÃ¼hrung | Kaufpreis 125.000 â‚¬ ğŸ’ŒğŸ¢ğŸŒŠ,1,30,2022-10-18T08:53:37+0000
https://www.instagram.com/celinevenhofen.immobilien/,celinevenhofen.immobilien,IMAGE,https://www.instagram.com/p/Cj2VUdRLaq8/,Attraktive Eigentumswohnung mit Geesteblick | Bremerhaven - GeestemÃ¼nde | zwei Zimmer | ca. 65 qm WohnflÃ¤che | Hausgeld ca. 283 â‚¬ inkl. RÃ¼cklagenzufÃ¼hrung | Kaufpreis 139.000â‚¬ ğŸ’ŒğŸ¢ğŸ—,1,22,2022-10-18T08:49:33+0000
https://www.instagram.com/celinevenhofen.immobilien/,celinevenhofen.immobilien,CAROUSEL_ALBUM,https://www.instagram.com/p/Ci4iJvjqdcs/,ERFOLGREICH VERMARKTET / ATTRAKTIVER RESTHOF IN GEESTENSETH ğŸ¡ğŸ ğŸŒ³,0,16,2022-09-24T08:48:46+0000
https://www.instagram.com/celinevenhofen.immobilien/,celinevenhofen.immobilien,CAROUSEL_ALBUM,https://www.instagram.com/p/CiSLGGjKVSW/,"NEW IN ğŸ— Charmantes Fachwerkhaus unter Reet ğŸŒ³ Gnarrenburg- Fahrendorf | ca. 126 qm WohnflÃ¤che | ca. 3.378 qm GrundstÃ¼cksgrÃ¶ÃŸe | 4,5 Zimmer | NebengebÃ¤ude | Ofen ğŸ¡",0,10,2022-09-09T11:16:09+0000
https://www.instagram.com/celinevenhofen.immobilien/,celinevenhofen.immobilien,CAROUSEL_ALBUM,https://www.instagram.com/p/CiQUj3aq56-/,Erfolgreich vermarktet ğŸ–‹ï¸ğŸŒ»,1,14,2022-09-08T18:00:23+0000
https://www.instagram.com/celinevenhofen.immobilien/,celinevenhofen.immobilien,CAROUSEL_ALBUM,https://www.instagram.com/p/CgUGQcSKQRu/,Erfolgreich vermarktet ğŸ–‹ Ich wÃ¼nsche den VerkÃ¤ufern und KÃ¤ufern von Herzen alles Gute. ğŸ”‘ğŸ€ğŸ˜,1,63,2022-07-22T12:09:34+0000
https://www.instagram.com/celinevenhofen.immobilien/,celinevenhofen.immobilien,CAROUSEL_ALBUM,https://www.instagram.com/p/Ce0ipzBKLuS/,Verkauft ğŸ— Restauriertes Fachwerkhaus mit Charme ğŸ¤,2,36,2022-06-15T09:30:36+0000
https://www.instagram.com/celinevenhofen.immobilien/,celinevenhofen.immobilien,CAROUSEL_ALBUM,https://www.instagram.com/p/Cd-3K2TqrrD/,NEW IN ğŸŒ³ğŸ›¥ Hochwertige Seesichtwohnung in Cuxhaven âš“ï¸ Cuxhaven - DÃ¶se | Baujahr 2002 | ca. 95 qm WohnflÃ¤che | ca. 290 â‚¬ Hausgeld | Loggia ğŸŒŠ,1,19,2022-05-25T13:10:53+0000
https://www.instagram.com/celinevenhofen.immobilien/,celinevenhofen.immobilien,IMAGE,https://www.instagram.com/p/Cd8Tn9rK56N/,NEW IN ğŸ¡ Gepflegtes Zweifamilienhaus in beliebter Lage| Bremerhaven - BuschkÃ¤mpen | Baujahr ca. 1961 | ca. 134 qm WohnflÃ¤che | 621 qm GrundstÃ¼ck | 5 Zimmer | 2 BÃ¤der ğŸŒ³,1,20,2022-05-24T13:21:49+0000
https://www.instagram.com/celinevenhofen.immobilien/,celinevenhofen.immobilien,CAROUSEL_ALBUM,https://www.instagram.com/p/CbkPfSHqbTf/,Erfolgreich vermarktet ğŸ—ğŸ¡,1,25,2022-03-26T12:01:07+0000
https://www.instagram.com/celinevenhofen.immobilien/,celinevenhofen.immobilien,CAROUSEL_ALBUM,https://www.instagram.com/p/CbfHBVpqLTC/,NEW IN! BARRIEREARMES EINFAMILIENHAUS IN DORUM ğŸ¡ğŸŒ Wurster NordseekÃ¼ste - Dorum | ca. 99 qm WohnflÃ¤che | ca. 50 qm ausbaufÃ¤higes Dachgeschoss | 3 Zimmer | hell verfliestes Wannenbad | ca. 519 qm GrundstÃ¼ck ğŸ¡  E&V ID W-02OFC0 ğŸ’Œ,1,19,2022-03-24T12:10:55+0000
https://www.instagram.com/celinevenhofen.immobilien/,celinevenhofen.immobilien,CAROUSEL_ALBUM,https://www.instagram.com/p/Ca2DEtALlgB/,Erfolgreich beurkundet ğŸ— ich wÃ¼nsche den VerkÃ¤ufern und KÃ¤ufern von Herzen alles Gute und eine wunderbare Zeit im neuen Eigenheim ğŸ¡,3,26,2022-03-08T13:27:34+0000
https://www.instagram.com/celinevenhofen.immobilien/,celinevenhofen.immobilien,CAROUSEL_ALBUM,https://www.instagram.com/p/CaHmyqJgOHa/,Erfolgreich vermarktet ğŸ¥‚,1,19,2022-02-18T12:35:22+0000
https://www.instagram.com/celinevenhofen.immobilien/,celinevenhofen.immobilien,CAROUSEL_ALBUM,https://www.instagram.com/p/CaCwHqGAzkw/,Erfolgreich vermarktet! FÃ¼r dieses charmante Einfamilienhaus haben wir erfolgreich einen KÃ¤ufer gefunden. Wir bedanken uns herzlich bei den VerkÃ¤ufern und KÃ¤ufern und wÃ¼nschen alles Gute.ğŸ¡ğŸ¤,2,26,2022-02-16T15:20:40+0000
https://www.instagram.com/celinevenhofen.immobilien/,celinevenhofen.immobilien,CAROUSEL_ALBUM,https://www.instagram.com/p/CaCq7wngUOM/,"EINFAMILIENHAUS AUF GROSSZÃœGIGEN BAUGRUNDSTÃœCK ğŸ¡ Bremerhaven - Leherheide | Baujahr 1949 - Kernsanierung 2002 | Zimmer 6 | Badezimmer 2 | WohnflÃ¤che ca. 142 mÂ² | GrundstÃ¼ck ca. 7.371 mÂ² 
reines Wohngebiet 
GrundflÃ¤chenzahl: 0,25
GeschossflÃ¤chenzahl 0,5 ğŸ’Œ",2,66,2022-02-16T14:35:22+0000
https://www.instagram.com/celinevenhofen.immobilien/,celinevenhofen.immobilien,CAROUSEL_ALBUM,https://www.instagram.com/p/CaCplI_Aszk/,Erfolgreich vermarktet ğŸ—ğŸ¡,1,24,2022-02-16T14:23:32+0000
https://www.instagram.com/celinevenhofen.immobilien/,celinevenhofen.immobilien,CAROUSEL_ALBUM,https://www.instagram.com/p/CZl0cdtLBbH/,á´‡Ê€Ò“á´ÊŸÉ¢Ê€á´‡Éªá´„Êœ á´ á´‡Ê€á´á´€Ê€á´‹á´›á´‡á´› ! Éªá´„Êœ á´¡Ã¼É´sá´„Êœá´‡ á´…á´‡É´ á´ á´‡Ê€á´‹Ã¤á´œÒ“á´‡Ê€É´ á´œÉ´á´… á´‹Ã¤á´œÒ“á´‡Ê€É´ á´ á´É´ Êœá´‡Ê€á´¢á´‡É´ á´€ÊŸÊŸá´‡s É¢á´œá´›á´‡ á´œÉ´á´… Ê™á´‡á´…á´€É´á´‹á´‡ á´Éªá´„Êœ Ò“Ã¼Ê€ á´…Éªá´‡ á´›á´ÊŸÊŸá´‡ á´¢á´œsá´€á´á´á´‡É´á´€Ê€Ê™á´‡Éªá´›. ğŸ’ğŸ–‹,1,22,2022-02-05T09:40:30+0000
https://www.instagram.com/celinevenhofen.immobilien/,celinevenhofen.immobilien,CAROUSEL_ALBUM,https://www.instagram.com/p/CZl0BCfrJIu/,EINFAMILIENHAUS IN LANGEN MIT POTENZIAL ğŸ¡ Geestland - Langen | ca. 177 qm WohnflÃ¤che | ca. 817 qm GrundstÃ¼ck | Baujahr 1980 | Zimmer 6 | Schlafzimmer 4 | Ã–lheizung aus 2014 | Fertighaus ğŸ¡,2,35,2022-02-05T09:36:45+0000
https://www.instagram.com/celinevenhofen.immobilien/,celinevenhofen.immobilien,IMAGE,https://www.instagram.com/p/CY8wSr6KP27/,ğŸ¥³ğŸ¤ #happy #realestateagent,1,46,2022-01-20T10:55:21+0000
https://www.instagram.com/celinevenhofen.immobilien/,celinevenhofen.immobilien,CAROUSEL_ALBUM,https://www.instagram.com/p/CYi2a64qXj2/,Erfolgreich vermarktet ğŸ¡ wir wÃ¼nschen den VerkÃ¤ufern und KÃ¤ufern alles Gute. Herzlichen Dank fÃ¼r die vertrauensvolle Zusammenarbeit ğŸ–‹,3,37,2022-01-10T09:28:38+0000
https://www.instagram.com/celinevenhofen.immobilien/,celinevenhofen.immobilien,CAROUSEL_ALBUM,https://www.instagram.com/p/CX505loKKYt/,"GEPFLEGTES EINFAMILIENHAUS FÃœR PFERDELIEBHABER ğŸ¡ğŸ Schiffdorf - Geestenseth | ca. 205 qm WohnflÃ¤che | ca. 18.200 qm GrundstÃ¼ck | 7,5 Zimmer | Heizung aus 2015 - Gas | 4 ReitboxenğŸ¡
.
.
.
.
#reiterhof 
#finestrealestate #finestrealestatebremerhaven #engelvoelkers #engelundvÃ¶lkersbremerhaven #realestate #realestateagent #immobilien #immobilienkauf #immobilienmaklerin #hauskaufen #home #immobilienmarketing #immobilienmakler #wohnen #living #happy #celinevenhofenimmobilien #euv #bremerhaven #cuxhaven #niedersachsen #bremen #kapitalanlage #eigentumswohnung",0,31,2021-12-25T11:06:29+0000
https://www.instagram.com/celinevenhofen.immobilien/,celinevenhofen.immobilien,IMAGE,https://www.instagram.com/p/CX5t79yqwHd/,Ich wÃ¼nsche Euch schÃ¶ne Weihnachten und einen guten und gesunden Start in das neue Jahr ğŸ„ğŸ¤ #christmas,0,16,2021-12-25T10:05:39+0000
https://www.instagram.com/celinevenhofen.immobilien/,celinevenhofen.immobilien,CAROUSEL_ALBUM,https://www.instagram.com/p/CWNkFgJL7nq/,"vermietet ğŸ¡
.
.
.
.
#mietwohnung #mieten #wohnen #eigentum #realestate #realestateagent #celinevenhofenimmobilien #bremerhaven #bremen #home #life #kapitalanlage #immobilien",1,25,2021-11-13T10:01:35+0000
https://www.instagram.com/celinevenhofen.immobilien/,celinevenhofen.immobilien,CAROUSEL_ALBUM,https://www.instagram.com/p/CV5tgCYKXRP/,"VielfÃ¤ltiges Wohnhaus in zentraler Lage | Bremerhaven - SpeckenbÃ¼ttel | Ein-/ Dreiparteienhaus | Jugendstil | ca. 191 qm WohnflÃ¤che | ca. 732 qm GrundstÃ¼ck | 7 Zimmer | Gasheizung aus 2017 | Pool | Zwei  Garagen ğŸ¡ 
.
.
.
.
.
.

#finestrealestate #finestrealestatebremerhaven #engelvoelkers #engelundvÃ¶lkersbremerhaven #realestate #realestateagent #immobilien #immobilienkauf #immobilienmaklerin #hauskaufen #home #immobilienmarketing #immobilienmakler #wohnen #living #happy #celinevenhofenimmobilien #euv #bremerhaven #cuxhaven #niedersachsen #bremen #kapitalanlage #eigentumswohnung",0,36,2021-11-05T16:59:03+0000
https://www.instagram.com/celinevenhofen.immobilien/,celinevenhofen.immobilien,IMAGE,https://www.instagram.com/p/CVvHhMxqzGm/,"ğŸ¤ ENGEL&VÃ–LKERS 
.
.
.
.
.
#finestrealestate #finestrealestatebremerhaven #engelvoelkers #engelundvÃ¶lkersbremerhaven #realestate #realestateagent #immobilien #immobilienkauf #immobilienmaklerin #hauskaufen #home #immobilienmarketing #immobilienmakler #wohnen #living #happy #celinevenhofenimmobilien #euv #bremerhaven #cuxhaven #niedersachsen #bremen #kapitalanlage #eigentumswohnung",18,337,2021-11-01T14:14:45+0000
https://www.instagram.com/celinevenhofen.immobilien/,celinevenhofen.immobilien,CAROUSEL_ALBUM,https://www.instagram.com/p/CVkfApCgkW5/,á´‡Ê€Ò“á´ÊŸÉ¢Ê€á´‡Éªá´„Êœ á´ á´‡Ê€á´á´€Ê€á´‹á´›á´‡á´› ! ğŸ–‹ğŸ’,0,42,2021-10-28T11:08:23+0000
https://www.instagram.com/celinevenhofen.immobilien/,celinevenhofen.immobilien,VIDEO,https://www.instagram.com/reel/CVkX5JTgx0r/,"NEW IN ğŸ¤ Mietwohnunge in zentraler Lage | Bremerhaven-Mitte | drei Zimmer | ca. 100 qm WohnflÃ¤che | 698 â‚¬ Monatsnettokaltmiete ğŸ¢ 
.
.
.
.
.
#bremerhaven #bremen #wohnen #wohnung #mietwohnung #eigentum #kaufen #mieten #realestate #engelundvÃ¶lkers #celinevenhofenimmobilien #home #happy #niedersachsen #eigenheim #realestateagent",3,50,2021-10-28T10:11:01+0000
https://www.instagram.com/celinevenhofen.immobilien/,celinevenhofen.immobilien,CAROUSEL_ALBUM,https://www.instagram.com/p/CU92rxZqLpy/,verkauft ğŸ—ğŸ¡,0,26,2021-10-13T11:04:52+0000
https://www.instagram.com/celinevenhofen.immobilien/,celinevenhofen.immobilien,CAROUSEL_ALBUM,https://www.instagram.com/p/CTwkAmyK91a/,"Erfolgreich vermarktet! Wir wÃ¼nschen den neuen EigentÃ¼mern alles Gute ğŸ”‘ğŸ–‹
.
.
.
.
.

#finestrealestate #finestrealestatebremerhaven #engelvoelkers #engelundvÃ¶lkersbremerhaven #realestate #realestateagent #immobilien #immobilienkauf #immobilienmaklerin #hauskaufen #home #immobilienmarketing #immobilienmakler #wohnen #living #happy #celinevenhofenimmobilien #euv #bremerhaven #cuxhaven #niedersachsen #bremen #kapitalanlage #eigentumswohnung",0,28,2021-09-13T10:40:10+0000
https://www.instagram.com/celinevenhofen.immobilien/,celinevenhofen.immobilien,CAROUSEL_ALBUM,https://www.instagram.com/p/CTwjabaKoxN/,verkauft ğŸ—ğŸ’•,1,24,2021-09-13T10:34:57+0000
https://www.instagram.com/celinevenhofen.immobilien/,celinevenhofen.immobilien,CAROUSEL_ALBUM,https://www.instagram.com/p/CTM1L-OKwId/,"Verkauft ğŸ¤
.
.
.
.
.

#finestrealestate #finestrealestatebremerhaven #engelvoelkers #engelundvÃ¶lkersbremerhaven #realestate #realestateagent #immobilien #immobilienkauf #immobilienmaklerin #hauskaufen #home #immobilienmarketing #immobilienmakler #wohnen #living #happy #celinevenhofenimmobilien #euv #bremerhaven #cuxhaven #niedersachsen #bremen #kapitalanlage #eigentumswohnung",0,26,2021-08-30T13:37:36+0000
https://www.instagram.com/celinevenhofen.immobilien/,celinevenhofen.immobilien,CAROUSEL_ALBUM,https://www.instagram.com/p/CSocQObLvZ8/,á´‡Ê€Ò“á´ÊŸÉ¢Ê€á´‡Éªá´„Êœ á´ á´‡Ê€á´á´€Ê€á´‹á´›á´‡á´›ğŸ’ Éªá´„Êœ á´¡Ã¼É´sá´„Êœá´‡ á´…á´‡É´ á´ á´‡Ê€á´‹Ã¤á´œÒ“á´‡Ê€É´ á´œÉ´á´… á´‹Ã¤á´œÒ“á´‡Ê€É´ á´ á´É´ Êœá´‡Ê€á´¢á´‡É´ á´€ÊŸÊŸá´‡s É¢á´œá´›á´‡ğŸ¤,4,34,2021-08-16T10:27:04+0000
https://www.instagram.com/celinevenhofen.immobilien/,celinevenhofen.immobilien,IMAGE,https://www.instagram.com/p/CSWVxEiqYYE/,á´‡Ê€Ò“á´ÊŸÉ¢Ê€á´‡Éªá´„Êœ á´ á´‡Ê€á´á´€Ê€á´‹á´›á´‡á´› ! Éªá´„Êœ á´¡Ã¼É´sá´„Êœá´‡ á´…á´‡É´ á´ á´‡Ê€á´‹Ã¤á´œÒ“á´‡Ê€É´ á´œÉ´á´… á´‹Ã¤á´œÒ“á´‡Ê€É´ á´ á´É´ Êœá´‡Ê€á´¢á´‡É´ á´€ÊŸÊŸá´‡s É¢á´œá´›á´‡ ğŸ’,1,31,2021-08-09T09:44:03+0000
https://www.instagram.com/celinevenhofen.immobilien/,celinevenhofen.immobilien,CAROUSEL_ALBUM,https://www.instagram.com/p/CR1HYNhjQxf/,Erfolgreich vermarktet ğŸ’ğŸ”‘ğŸ¡,0,32,2021-07-27T12:03:23+0000
https://www.instagram.com/celinevenhofen.immobilien/,celinevenhofen.immobilien,CAROUSEL_ALBUM,https://www.instagram.com/p/CRi8KOjpHUZ/,"Gepflegte DoppelhaushÃ¤lfte am BÃ¼rgerpark ğŸ  | Bremerhaven- BÃ¼rgerpark | ca. 75 m2 WohnflÃ¤che | ca. 799 qm GrundstÃ¼ck | Baujahr 1952 | 1994 Dach neu eingedeckt und gedÃ¤mmt | 1998 Fassade gedÃ¤mmt und neu verputzt | Gasheizung aus 2001 
.
.
.
.
.
#celinevenhofenimmobilien #realestate #immobilien #euv #bremerhaven #bremen #haus #kauf #kapitalanlage #doppelhaushÃ¤lfte #home #bauen #realestateagent #immobilienmakler",0,29,2021-07-20T10:39:02+0000
https://www.instagram.com/celinevenhofen.immobilien/,celinevenhofen.immobilien,CAROUSEL_ALBUM,https://www.instagram.com/p/CRgVXkOD0sI/,"DREIFAMILIENHAUS MIT GESCHICHTE ğŸ  Bremerhaven-Wulsdorf | ca. 249 qm WohnflÃ¤che | ca. 956 qm GrundstÃ¼ck | Baujahr 1861 | drei separate Gasthermen aus folgenden Baujahren: 1994, 2005 und 2015 | separate StromzÃ¤hler | Kaufpreis 219.000â‚¬ im Bieterverfahren
.
.
.
.
.
.
.
#instagood #home #haus #immobilien #realestate #immobilie #kaufen #mieten #wohnen #celinevenhofenimmobilien #agent #euv #kapitalanlage #mehrfamilienhaus",0,23,2021-07-19T10:21:35+0000
https://www.instagram.com/celinevenhofen.immobilien/,celinevenhofen.immobilien,CAROUSEL_ALBUM,https://www.instagram.com/p/CPjObGCjPHD/,"GEPFLEGTES REIHENHAUS IM BELIEBTEN WULSDORF ğŸ  Bremerhaven - Wulsdorf | ca. 120
qm WohnflÃ¤che | ca. 200 qm GrundstÃ¼ck | 5 Zimmer | Ã–lheizung aus dem Jahr 2006 | vollunterkellert |  E&V ID W-02M3KD ğŸ”‘ 
.
.
.
.
.

#finestrealestate #finestrealestatebremerhaven #engelvoelkers #engelundvÃ¶lkersbremerhaven #realestate #realestateagent #immobilien #immobilienkauf #immobilienmaklerin #hauskaufen #home #immobilienmarketing #immobilienmakler #wohnen #living #happy #celinevenhofenimmobilien #euv #bremerhaven #cuxhaven #niedersachsen #bremen #kapitalanlage #eigentumswohnung",0,27,2021-05-31T20:15:50+0000
https://www.instagram.com/celinevenhofen.immobilien/,celinevenhofen.immobilien,CAROUSEL_ALBUM,https://www.instagram.com/p/COkM37MjL1T/,GemÃ¼tliches Nurdachhaus in Bad Bederkesa ğŸ¡ Bad Bederkesa | ca. 87 qm WohnflÃ¤che | ca. 850 qm GrundstÃ¼ck | hell verfliestes Duschbad | Baujahr 1978 | Gasheizung | Die angebotene Immobilie befindet sich ca. einen km vom Ortskern entfernt und liegt ca. 800 m zu FuÃŸ von dem Bederkesaer See entfernt | Kaufpreis 199.000â‚¬ | E&V ID W-02LQSX,0,24,2021-05-07T08:50:08+0000
https://www.instagram.com/celinevenhofen.immobilien/,celinevenhofen.immobilien,CAROUSEL_ALBUM,https://www.instagram.com/p/COkL_i3jPTx/,Gepflegtes Haus in beliebter Lage von Langen ğŸ¡ Geestland - Langen | ca. 136 qm WohnflÃ¤che | ca. 550 qm GrundstÃ¼ck | Balkon | Gasheizung aus 2021 | vier Zimmer | E&V ID W-02LUW8 ğŸ’Œ,0,18,2021-05-07T08:42:27+0000
https://www.instagram.com/celinevenhofen.immobilien/,celinevenhofen.immobilien,CAROUSEL_ALBUM,https://www.instagram.com/p/COP7exRroUB/,erfolgreich vermarktet ğŸ”‘,1,26,2021-04-29T11:53:21+0000
https://www.instagram.com/celinevenhofen.immobilien/,celinevenhofen.immobilien,IMAGE,https://www.instagram.com/p/COPsnbAL6ao/,ğŸ“¸ #engelvoelkers #tbt,1,112,2021-04-29T09:43:27+0000
https://www.instagram.com/celinevenhofen.immobilien/,celinevenhofen.immobilien,CAROUSEL_ALBUM,https://www.instagram.com/p/CL_eXU-DIMN/,NEW IN ğŸ¤ EIN- ZWEIFAMILIENHAUS IN BELIEBTER LAGE VON WULSDORF | Bremerhaven - Wulsdorf | ca. 210 qm WohnflÃ¤che | ca. 980 qm GrundstÃ¼ck | Fassade mit DÃ¤mmung aus 2010 | Fenster aus dem Jahr 2008 | Kaufpreis 379.000â‚¬ | E&V ID W-02L6FB ğŸ ,3,24,2021-03-04T09:28:17+0000
https://www.instagram.com/celinevenhofen.immobilien/,celinevenhofen.immobilien,CAROUSEL_ALBUM,https://www.instagram.com/p/CLwDq34ntEf/,"Charmante Altbauwohnung in bester Lage ğŸ¢ Bremerhaven - GeestemÃ¼nde | Baujahr 1902 | WohnflÃ¤che ca. 52 qm | 2 Zimmer | 4. Etage | Hausgeld ca. 220,09â‚¬  KP. 55.000â‚¬  E&V ID W-02L925 ğŸ— 
.
.
.
.
.
#euv #celinevenhofenimmobilien #engelundvÃ¶lkers #eigentumswohnung #kapitalanlage #bremen #hamburg #bremerhaven #finestrealestate #finestrealestatebremerhaven #engelvoelkers #engelundvÃ¶lkersbremerhaven #realestate #realestateagent #immobilien #immobilienkauf #immobilienmaklerin #hauskaufen #home #immobilienmarketing #immobilienmakler #wohnen #living #happy",0,21,2021-02-26T09:46:25+0000
https://www.instagram.com/celinevenhofen.immobilien/,celinevenhofen.immobilien,CAROUSEL_ALBUM,https://www.instagram.com/p/CKEENqtApkA/,VERKAUFTğŸ¡ğŸ”‘,0,23,2021-01-15T11:13:11+0000
https://www.instagram.com/celinevenhofen.immobilien/,celinevenhofen.immobilien,CAROUSEL_ALBUM,https://www.instagram.com/p/CJqSoENnH3w/,"Gepflegte DoppelhaushÃ¤lfte in ruhiger Lage ğŸ  Beverstedt  ca. 100 qm WohnflÃ¤che  ca. 316 qm GrundstÃ¼ck  Baujahr 1995  Gasheizung  EV ID W-02KGBI 
.
.
.
.
.

#finestrealestate #finestrealestatebremerhaven #engelvoelkers #engelundvÃ¶lkersbremerhaven #realestate #realestateagent #immobilien #immobilienkauf #immobilienmaklerin #hauskaufen #home #immobilienmarketing #immobilienmakler #wohnen #living #happy #celinevenhofenimmobilien #euv #bremerhaven #cuxhaven #niedersachsen #bremen #kapitalanlage #eigentumswohnung",0,29,2021-01-05T10:58:53+0000
https://www.instagram.com/celinevenhofen.immobilien/,celinevenhofen.immobilien,CAROUSEL_ALBUM,https://www.instagram.com/p/CI-kcNEjvN8/,"VERKAUFTğŸ¡ğŸ”‘
.
.
.
#hauskauf #villa #stadtvilla #kaufen #wohnen #realestateagent #euv #engelundvÃ¶lkers #celinevenhofenimmobilien #immobilien #kapitalanlage #bremerhaven #cuxhaven #bremen #hamburg #hannover #love #nature #eigenheim #mieten #hausbau #haus",3,47,2020-12-19T11:27:58+0000
https://www.instagram.com/celinevenhofen.immobilien/,celinevenhofen.immobilien,CAROUSEL_ALBUM,https://www.instagram.com/p/CIlEiMYDV0V/,"GEPFLEGTE EIGENTUMSWOHNUNG IN STOTEL ğŸ¢ ca. 69 qm WohnflÃ¤che  2 Zimmer  Hausgeld ca. 260â‚¬ inkl. RÃ¼cklage  Fenster 3-fach verglast aus 2015  KÃ¼che aus 2013  Badezimmer aus 2019  E&V ID W-02JZY1 
.
.
.
.
#kapitalanlage #kapitalanleger #immobilien #realestate #realestateagent #hauskauf #wohnung #kauf #mieten #wohnen #celinevenhofenimmobilien #euv #engelundvÃ¶lkers #cuxhaven #stotel #bremerhaven",0,18,2020-12-09T13:48:09+0000
https://www.instagram.com/celinevenhofen.immobilien/,celinevenhofen.immobilien,CAROUSEL_ALBUM,https://www.instagram.com/p/CIlD_C2DI7X/,VERKAUFTğŸ¡ğŸ”‘,0,21,2020-12-09T13:43:21+0000
https://www.instagram.com/celinevenhofen.immobilien/,celinevenhofen.immobilien,CAROUSEL_ALBUM,https://www.instagram.com/p/CHYH0SAjDrM/,VERKAUFTğŸ¡ğŸ”‘,1,26,2020-11-09T16:35:18+0000
https://www.instagram.com/celinevenhofen.immobilien/,celinevenhofen.immobilien,CAROUSEL_ALBUM,https://www.instagram.com/p/CHYHg2cj2JB/,VERKAUFTğŸ¡ğŸ”‘,1,16,2020-11-09T16:32:39+0000
https://www.instagram.com/celinevenhofen.immobilien/,celinevenhofen.immobilien,CAROUSEL_ALBUM,https://www.instagram.com/p/CHYFgcgjPtO/,"Neu in der Vermarktung ğŸ¡ Wohnung, Kauf  Bremerhaven - Lehe  WohnflÃ¤che ca. 55 qm  2,5 Zimmer  Hausgeld ca. 185â‚¬  MNK ca. 275â‚¬  E&V ID W-02KCEC ğŸ”‘ 
.
.
.
.
.

#finestrealestate #finestrealestatebremerhaven #engelvoelkers #engelundvÃ¶lkersbremerhaven #realestate #realestateagent #immobilien #immobilienkauf #immobilienmaklerin #hauskaufen #home #immobilienmarketing #immobilienmakler #wohnen #living #happy #celinevenhofenimmobilien #euv #bremerhaven #cuxhaven #niedersachsen #bremen #kapitalanlage #eigentumswohnung #instagood",0,16,2020-11-09T16:15:07+0000
https://www.instagram.com/celinevenhofen.immobilien/,celinevenhofen.immobilien,CAROUSEL_ALBUM,https://www.instagram.com/p/CGR-n7Mj3W6/,GroÃŸzÃ¼gige Eigentumswohnung mit Geesteblick ğŸ’Œ bremerhaven - GeestemÃ¼nde  ca. 123 qm WohnflÃ¤che  5 Zimmer  Hausgeld 498â‚¬,1,17,2020-10-13T10:48:08+0000
https://www.instagram.com/celinevenhofen.immobilien/,celinevenhofen.immobilien,CAROUSEL_ALBUM,https://www.instagram.com/p/CGR-WD-jXgf/,"NEU IN DER VERMARKTUNGğŸ¡ Modernisiertes Einfamilienhaus in ruhiger Lage 
Bremerhaven - Leherheide  WohnflÃ¤che ca. 150 qm  GrundstÃ¼ck ca. 948 qm  4 Zimmer  Anbau 2005 ğŸ’Œ",2,16,2020-10-13T10:45:42+0000
https://www.instagram.com/celinevenhofen.immobilien/,celinevenhofen.immobilien,CAROUSEL_ALBUM,https://www.instagram.com/p/CGR9FwHjHSH/,VERKAUFTğŸ¡ğŸ”‘,1,15,2020-10-13T10:34:44+0000
https://www.instagram.com/celinevenhofen.immobilien/,celinevenhofen.immobilien,CAROUSEL_ALBUM,https://www.instagram.com/p/CFMZyZOjuE8/,Erfolgreich vermarktet ğŸ–‹ ğŸ¾,0,11,2020-09-16T10:18:40+0000
https://www.instagram.com/celinevenhofen.immobilien/,celinevenhofen.immobilien,IMAGE,https://www.instagram.com/p/CFMUWMrDjNP/,Unser neues GG Magazin ist da ğŸ’˜kommt in unseren Shop und holt euch ein Magazin kostenlos raus. ğŸ“– #gg #euv #engelvolkers #engelundvÃ¶lkersbremerhaven #magazin #immobilien #realestate,0,12,2020-09-16T09:31:07+0000
https://www.instagram.com/celinevenhofen.immobilien/,celinevenhofen.immobilien,CAROUSEL_ALBUM,https://www.instagram.com/p/CFKII5GDUx5/,Neu in der Vermietung! ğŸ— Bremerhaven-Mitte  ca. 89 qm  Erdgeschosswohnung  3 Zimmer  MNK 595â‚¬ #bremerhaven #mietwohnung #realestate #kaufen #home #realestateagent #euv #bremen #celinevenhofenimmobilien,0,7,2020-09-15T13:05:58+0000
https://www.instagram.com/celinevenhofen.immobilien/,celinevenhofen.immobilien,CAROUSEL_ALBUM,https://www.instagram.com/p/CFKH0X9DlMc/,Erfolgreich vermietet ğŸ–‹ ğŸ¾,0,11,2020-09-15T13:03:10+0000
https://www.instagram.com/celinevenhofen.immobilien/,celinevenhofen.immobilien,CAROUSEL_ALBUM,https://www.instagram.com/p/CEtS3cCjuAK/,Erfolgreich vermarktet ğŸ–‹ ğŸ¾,2,21,2020-09-04T08:21:44+0000
https://www.instagram.com/celinevenhofen.immobilien/,celinevenhofen.immobilien,IMAGE,https://www.instagram.com/p/CEJnFSlKi_G/,Erfolgreich vermarktet ğŸ–‹ ğŸ¾,0,12,2020-08-21T11:45:43+0000
https://www.instagram.com/celinevenhofen.immobilien/,celinevenhofen.immobilien,CAROUSEL_ALBUM,https://www.instagram.com/p/CC8FLEtKX9A/,Erfolgreich vermarktet ğŸ–‹ ğŸ¾,1,11,2020-07-22T09:07:54+0000
https://www.instagram.com/celinevenhofen.immobilien/,celinevenhofen.immobilien,CAROUSEL_ALBUM,https://www.instagram.com/p/CBxs7b1KvQ2/,Erfolgreich vermarktet ğŸ–‹ ğŸ¾,0,19,2020-06-23T11:52:15+0000
https://www.instagram.com/celinevenhofen.immobilien/,celinevenhofen.immobilien,CAROUSEL_ALBUM,https://www.instagram.com/p/CBne9v9K62C/,Erfolgreich vermarktet ğŸ–‹ ğŸ¾,0,13,2020-06-19T12:37:49+0000
https://www.instagram.com/celinevenhofen.immobilien/,celinevenhofen.immobilien,CAROUSEL_ALBUM,https://www.instagram.com/p/CBkqzQaKcg0/,Erfolgreich vermarktet ğŸ–‹ğŸ¾,2,17,2020-06-18T10:23:31+0000
https://www.instagram.com/celinevenhofen.immobilien/,celinevenhofen.immobilien,CAROUSEL_ALBUM,https://www.instagram.com/p/CAFSEv-qGCs/,Vermietet ğŸ¥‚,1,20,2020-05-12T09:19:36+0000
https://www.instagram.com/celinevenhofen.immobilien/,celinevenhofen.immobilien,IMAGE,https://www.instagram.com/p/B_5MzolqMYH/,Erfolgreich vermarktet ğŸ”‘ğŸ¡ğŸ¤,0,17,2020-05-07T16:42:42+0000
https://www.instagram.com/celinevenhofen.immobilien/,celinevenhofen.immobilien,IMAGE,https://www.instagram.com/p/B-_2_qsqJdQ/,"#workdigital Wir bieten Euch weiterhin unsere Dienstleistungen natÃ¼rlich auch von zu Hause aus dem #homeoffice an. ğŸ¡ Dank unserer modernen digitalen Tools, virtuellen Besichtigungen und unserer globalen Marketingkompetenz, kÃ¶nnen wir Eure Immobilien auch wÃ¤hrend der #stayhome -Phase kompetent digital bewerten. ZÃ¶gert nicht uns jederzeit zu kontaktieren. Wir sind fÃ¼r Euch da. ğŸ“²ğŸ’»ğŸ’Œ #Einwertung #digital #homeoffice #stayhome #finestrealestate #finestrealestatebremerhaven #engelvoelkers #engelundvÃ¶lkersbremerhaven #realestate #realestateagent #immobilien #immobilienkauf #immobilienmaklerin #hauskaufen #home #immobilienmarketing #immobilienmakler #wohnen #living #happy #celinevenhofenimmobilien #euv #bremerhaven #cuxhaven #niedersachsen #bremen #kapitalanlage #eigentumswohnung #immobilienbewertung",1,23,2020-04-15T10:15:23+0000
https://www.instagram.com/celinevenhofen.immobilien/,celinevenhofen.immobilien,IMAGE,https://www.instagram.com/p/B-_2OWAqzmW/,#virtuellebesichtigung Ihr mÃ¶chtet eine Immobilie aus unserem Portfolio besichtigen? KÃ¶nnt aber aufgrund der aktuellen Situation keinen Termin wahrnehmen? Dann sprecht uns gerne an. Wir bieten Euch ab sofort eine virtuelle Besichtigung an.ğŸ‘¤ğŸ‘©â€ğŸ’» #euv #bremerhaven #bremen #besichtigung #online #euvbremerhaven #realestate #immobilien,0,10,2020-04-15T10:08:39+0000
https://www.instagram.com/celinevenhofen.immobilien/,celinevenhofen.immobilien,CAROUSEL_ALBUM,https://www.instagram.com/p/B-9bq2yqf6j/,Erfolgreich vermarktet ğŸ”‘ğŸ¡ğŸ¤,5,27,2020-04-14T11:38:08+0000
https://www.instagram.com/celinevenhofen.immobilien/,celinevenhofen.immobilien,CAROUSEL_ALBUM,https://www.instagram.com/p/B9mtMVdq-k0/,Verkauft ğŸ–‹,2,37,2020-03-11T19:17:20+0000
https://www.instagram.com/celinevenhofen.immobilien/,celinevenhofen.immobilien,CAROUSEL_ALBUM,https://www.instagram.com/p/B9l9lWtKH8s/,Erfolgreich vermarktet ğŸ”‘ğŸ¡ğŸ¤,2,30,2020-03-11T12:21:19+0000
https://www.instagram.com/celinevenhofen.immobilien/,celinevenhofen.immobilien,CAROUSEL_ALBUM,https://www.instagram.com/p/B9WQStYK0Wn/,Erfolgreich vermarktet ğŸ”‘ğŸ¡ğŸ¤,2,25,2020-03-05T09:56:57+0000
https://www.instagram.com/celinevenhofen.immobilien/,celinevenhofen.immobilien,CAROUSEL_ALBUM,https://www.instagram.com/p/B81RHl6KOZN/,Verkauft ğŸ”‘ #finestrealestate #finestrealestatebremerhaven #engelvoelkers #engelundvÃ¶lkersbremerhaven #realestate #realestateagent #immobilien #immobilienkauf #immobilienmaklerin #hauskaufen #home #immobilienmarketing #immobilienmakler #wohnen #living #happy #celinevenhofenimmobilien #euv #bremerhaven #cuxhaven #niedersachsen #bremen #kapitalanlage #eigentumswohnung,5,18,2020-02-21T14:29:14+0000
https://www.instagram.com/celinevenhofen.immobilien/,celinevenhofen.immobilien,CAROUSEL_ALBUM,https://www.instagram.com/p/B7ViztlqTyc/,"Verkauft! ğŸ¾ NEU IN DER VERMARKTUNG! 1-Zimmer-Eigentumswohnung mit Weitsicht â˜€ï¸ Hansahochhaus | Bremerhaven-Lehe | ca. 34 qm WohnflÃ¤che | Ausrichtung: Osten | Kaufpreis 42.500â‚¬
.
.
.
.
.
.

#finestrealestate #finestrealestatebremerhaven #engelvoelkers #engelundvÃ¶lkersbremerhaven #realestate #realestateagent #immobilien #immobilienkauf #immobilienmaklerin #hauskaufen #home #immobilienmarketing #immobilienmakler #wohnen #living #happy #celinevenhofenimmobilien #euv #bremerhaven #cuxhaven #niedersachsen #bremen #kapitalanlage #eigentumswohnung",0,25,2020-01-15T10:16:42+0000
https://www.instagram.com/celinevenhofen.immobilien/,celinevenhofen.immobilien,CAROUSEL_ALBUM,https://www.instagram.com/p/B6_hXmlq0Gw/,"VerkauftğŸ”‘ğŸ¤
.
.
.
.

#finestrealestate #finestrealestatebremerhaven #engelvoelkers #engelundvÃ¶lkersbremerhaven #realestate #realestateagent #immobilien #immobilienkauf #immobilienmaklerin #hauskaufen #home #immobilienmarketing #immobilienmakler #wohnen #living #happy #celinevenhofenimmobilien #euv #bremerhaven #cuxhaven #niedersachsen #bremen #kapitalanlage",0,22,2020-01-06T21:00:50+0000
https://www.instagram.com/celinevenhofen.immobilien/,celinevenhofen.immobilien,CAROUSEL_ALBUM,https://www.instagram.com/p/B6_gwb8Kf6Z/,Erfolgreich vermarktet ğŸ”‘ğŸ¡ğŸ¤,2,26,2020-01-06T20:55:30+0000
https://www.instagram.com/celinevenhofen.immobilien/,celinevenhofen.immobilien,CAROUSEL_ALBUM,https://www.instagram.com/p/B6_fW6-KKYZ/,"Verkauft ğŸ”‘ Reihenendhaus in beliebter Lage von Schiffdorf ğŸ¡ Schiffdorf | ca. 106 qm WohnflÃ¤che | ca. 306 qm GrundstÃ¼ck | drei Zimmer | KÃ¼che mit EBK | Ã–lheizung | Garage |  E&V ID W-02HMWK | Kaufpreis: 179.000,- ğŸ”‘ 
#finestrealestate #finestrealestatebremerhaven #engelvoelkers #engelundvÃ¶lkersbremerhaven #realestate #realestateagent #immobilien #immobilienkauf #immobilienmaklerin #hauskaufen #home #immobilienmarketing #immobilienmakler #wohnen #living #happy #celinevenhofenimmobilien #euv #bremerhaven #cuxhaven #niedersachsen #bremen #kapitalanlage #reihenhaus",0,30,2020-01-06T20:43:16+0000
https://www.instagram.com/celinevenhofen.immobilien/,celinevenhofen.immobilien,CAROUSEL_ALBUM,https://www.instagram.com/p/B6kgciyKEbd/,Verkauft ğŸ—,0,29,2019-12-27T09:13:17+0000
https://www.instagram.com/celinevenhofen.immobilien/,celinevenhofen.immobilien,IMAGE,https://www.instagram.com/p/B6kgEX2qmuY/,Erfolgreich vermarktet ğŸ–‹ğŸ¾,0,25,2019-12-27T09:09:59+0000
https://www.instagram.com/celinevenhofen.immobilien/,celinevenhofen.immobilien,CAROUSEL_ALBUM,https://www.instagram.com/p/B5KZqgFKdaF/,"Verkauft ğŸ¥³ğŸ¤
.
.
.

#finestrealestate #finestrealestatebremerhaven #engelvoelkers #engelundvÃ¶lkersbremerhaven #realestate #realestateagent #immobilien #immobilienkauf #immobilienmaklerin #hauskaufen #home #immobilienmarketing #immobilienmakler #wohnen #living #happy #celinevenhofenimmobilien #euv #bremerhaven #cuxhaven #niedersachsen #bremen #kapitalanlage #eigentumswohnung",1,20,2019-11-22T09:22:22+0000
https://www.instagram.com/celinevenhofen.immobilien/,celinevenhofen.immobilien,CAROUSEL_ALBUM,https://www.instagram.com/p/B5CwHXuqMrd/,Erfolgreich vermarktet ğŸ–‹ğŸ¾,0,22,2019-11-19T10:04:38+0000
https://www.instagram.com/celinevenhofen.immobilien/,celinevenhofen.immobilien,CAROUSEL_ALBUM,https://www.instagram.com/p/B5CvqvVKEN6/,"VerkauftğŸ¤ğŸ¥³
.
.
.

#finestrealestate #finestrealestatebremerhaven #engelvoelkers #engelundvÃ¶lkersbremerhaven #realestate #realestateagent #immobilien #immobilienkauf #immobilienmaklerin #hauskaufen #home #immobilienmarketing #immobilienmakler #wohnen #living #happy #celinevenhofenimmobilien #euv #bremerhaven #cuxhaven #niedersachsen #bremen #kapitalanlage #eigentumswohnung",0,26,2019-11-19T10:00:43+0000
https://www.instagram.com/celinevenhofen.immobilien/,celinevenhofen.immobilien,IMAGE,https://www.instagram.com/p/B4euwkWqb9x/,Erfolgreich vermarktet ğŸ–‹ğŸ¾,0,22,2019-11-05T10:20:07+0000
https://www.instagram.com/celinevenhofen.immobilien/,celinevenhofen.immobilien,CAROUSEL_ALBUM,https://www.instagram.com/p/B4LDhIgqtbJ/,"Verkauft ğŸ”‘ğŸŒ³ğŸ  #kapitalanlage #euv 
#finestrealestate #finestrealestatebremerhaven #engelvoelkers #engelundvÃ¶lkersbremerhaven #realestate #realestateagent #immobilien #immobilienkauf #immobilienmaklerin #hauskaufen #home #immobilienmarketing #immobilienmakler #wohnen #living #happy #celinevenhofenimmobilien #stotel #bremerhaven #bremen",0,21,2019-10-28T18:56:42+0000
https://www.instagram.com/celinevenhofen.immobilien/,celinevenhofen.immobilien,CAROUSEL_ALBUM,https://www.instagram.com/p/B34LYVfIYBL/,"BaugrundstÃ¼ck in ruhiger Lage ğŸŒ³ Beverstedt - Altwistedt | ca. 1010 qm GrundstÃ¼ck | kein Bebauungsplan | E&V ID W-02G5M1 .
.
.
.
.
.
.
#GrundstÃ¼ck #kaufen #bebauung #grÃ¼n #idylle #grÃ¼n #euv #engelvÃ¶lkers #Hauskauf #venhofenimmobilien #familie #engelvÃ¶lkersbremerhaven #bremerhaven #beverstedt #altwistedt #realestate #estateagent",0,13,2019-10-21T10:59:50+0000
https://www.instagram.com/celinevenhofen.immobilien/,celinevenhofen.immobilien,CAROUSEL_ALBUM,https://www.instagram.com/p/B3hEVNxoPG3/,"DREI-PARTEIEN-HAUS IN GEFRAGTER WOHNLAGE ğŸ¢ğŸŒ³ | Haus, Kauf | Geestland | WohnflÃ¤che ca. 271 qm | GrundstÃ¼ck ca. 1.590 qm | 8 Zimmer | 3 BÃ¤der | E&V ID W-02H3L3 ğŸ”‘
.
.
.
.
.
.
.
#kapitalanlage #immobilienmakler #immobilien #mehrfamilienhaus #geestland #niedersachsen #bremerhaven #bremen #hauskauf #vermietung #grundstÃ¼ck #instadaily #dailypicture #engelundvÃ¶lkersbremerhaven #euv #venhofenimmobilien",0,22,2019-10-12T11:35:43+0000
https://www.instagram.com/celinevenhofen.immobilien/,celinevenhofen.immobilien,CAROUSEL_ALBUM,https://www.instagram.com/p/B3hDIPBI4bK/,Verkauft ğŸ’Œ,0,16,2019-10-12T11:25:12+0000
https://www.instagram.com/celinevenhofen.immobilien/,celinevenhofen.immobilien,CAROUSEL_ALBUM,https://www.instagram.com/p/B2gR6cLI9Gw/,"MAISONETTE-WOHNUNG IM HERZEN BREMERHAVENS ğŸšªMaisonette | Bremerhaven - Mitte | 5 Zimmer | 145 qm WohnflÃ¤che |  E&V ID W-02GMSL ğŸ–¤ğŸ™
.
.
.
.
.
.
#finestrealestate #finestrealestatebremerhaven #engelvoelkers #engelundvÃ¶lkersbremerhaven #realestate #realestateagent #immobilien #immobilienkauf #immobilienmaklerin #hauskaufen #home #immobilienmarketing #immobilienmakler #wohnen #living #happy #wohnung #eigentum #maisonette #weitblick",1,30,2019-09-17T07:43:45+0000
https://www.instagram.com/celinevenhofen.immobilien/,celinevenhofen.immobilien,CAROUSEL_ALBUM,https://www.instagram.com/p/B0X7DGmoK0s/,"Exklusives Anwesen mit unverbaubarem Blick ğŸ¡ | BremervÃ¶rde - Elm | Baujahr 2013 | ca. 175 qm WohnflÃ¤che | ca. 5.000 qm GrundstÃ¼ck | 5 Zimmer | Gasheizung, FuÃŸbodenheizung, Kachelofen | Poolanlage | E&V ID W-02GDJL .
.
.
.
.
#bremervÃ¶rde #Landkreis #rotenburg #elm #hauskauf #anwesen #poolanlage  #finestrealestate #finestrealestatebremerhaven #engelvoelkers #engelundvÃ¶lkersbremerhaven #realestate #realestateagent #immobilien #immobilienkauf #immobilienmaklerin #hauskaufen #home #immobilienmarketing #immobilienmakler #wohnen #living #happy",2,45,2019-07-26T08:47:15+0000
https://www.instagram.com/celinevenhofen.immobilien/,celinevenhofen.immobilien,CAROUSEL_ALBUM,https://www.instagram.com/p/B0X6REXIDxx/,"Verkauft ğŸŠ
.
.
.
.
.
.
#Geestland #langen #einfamilienhaus #gasheizung #finestrealestate #finestrealestatebremerhaven #engelvoelkers #engelundvÃ¶lkersbremerhaven #realestate #realestateagent #immobilien #immobilienkauf #immobilienmaklerin #hauskaufen #home #immobilienmarketing #immobilienmakler #wohnen #living #happy #hauskauf",1,38,2019-07-26T08:40:25+0000
https://www.instagram.com/celinevenhofen.immobilien/,celinevenhofen.immobilien,CAROUSEL_ALBUM,https://www.instagram.com/p/B0XurDMo2rN/,"BaugrundstÃ¼ck in beliebter Lage ğŸŒ³ğŸ— | Cuxhaven - Bad Bederkesa | GrundstÃ¼cksgrÃ¶ÃŸe ca. 1.353 qm | kein B-Plan vorhanden! | E&V ID W-02GFEO .
.
.
.
.
#grundstÃ¼ck #badbederkesa #neubau #Cuxhaven #finestrealestate #finestrealestatebremerhaven #engelvoelkers #engelundvÃ¶lkersbremerhaven #realestate #realestateagent #immobilien #immobilienkauf #immobilienmaklerin #hauskaufen #home #immobilienmarketing #immobilienmakler #wohnen #living #happy #bederkesasee",0,22,2019-07-26T06:59:06+0000
https://www.instagram.com/celinevenhofen.immobilien/,celinevenhofen.immobilien,CAROUSEL_ALBUM,https://www.instagram.com/p/B0AtTjEAQA6/,Verkauft ğŸ”‘ğŸ ,2,29,2019-07-17T08:24:37+0000
https://www.instagram.com/celinevenhofen.immobilien/,celinevenhofen.immobilien,CAROUSEL_ALBUM,https://www.instagram.com/p/BzxVwa8olzI/,Verkauft ğŸ¥‚ğŸ¡,1,30,2019-07-11T09:10:15+0000
https://www.instagram.com/celinevenhofen.immobilien/,celinevenhofen.immobilien,CAROUSEL_ALBUM,https://www.instagram.com/p/BzvS7dHgy9f/,Verkauft!ğŸ¡ğŸ”‘,0,25,2019-07-10T14:07:03+0000
https://www.instagram.com/celinevenhofen.immobilien/,celinevenhofen.immobilien,IMAGE,https://www.instagram.com/p/Bx_8QfPoYUb/,Verkauft ğŸ¥‚ğŸ¥³,2,50,2019-05-28T08:13:15+0000
https://www.instagram.com/celinevenhofen.immobilien/,celinevenhofen.immobilien,IMAGE,https://www.instagram.com/p/Bx9cjBaIo7N/,Verkauft ğŸ¡ğŸ”‘,1,44,2019-05-27T08:57:41+0000
https://www.instagram.com/celinevenhofen.immobilien/,celinevenhofen.immobilien,CAROUSEL_ALBUM,https://www.instagram.com/p/BxkmYusoES-/,"verkauft!ğŸ ğŸšª
.
.
.
.
.
.
.
.
#realestateagent #realestate #immobilienkauffrau #realestateagent #estate #agent #euv #bremen #bremerhaven #cuxhaven #leherheide #schierholz #lehe #immobilien #reihenhaus #reihenendhaus #sale #flachdach #engelvÃ¶lkersbremerhaven",1,49,2019-05-17T17:22:39+0000
https://www.instagram.com/celinevenhofen.immobilien/,celinevenhofen.immobilien,CAROUSEL_ALBUM,https://www.instagram.com/p/BwpWMuolCsM/,VerkauftğŸšªğŸ”‘,5,53,2019-04-24T17:06:00+0000
https://www.instagram.com/celinevenhofen.immobilien/,celinevenhofen.immobilien,IMAGE,https://www.instagram.com/p/BwFV-rmFaPG/,"Verkauft ğŸ¥³ğŸ¡
.
.
.
.
.
.
.
.
.
.
.
#new #house #realestateagent #engelundvÃ¶lkers #realestate #architecture #haus #einliegerwohnung #ferienwohnung #ferienhaus #balkon #saniert #immobilien #euv #engelundvÃ¶lkersbremerhaven #verkauf #realestatelife #immobilienkauffrau #immobilienmaklerin #engelundvÃ¶lkersimmobilien",3,49,2019-04-10T17:31:25+0000
https://www.instagram.com/celinevenhofen.immobilien/,celinevenhofen.immobilien,IMAGE,https://www.instagram.com/p/BvwaPQilhlu/,"VerkauftğŸ”‘ğŸ‘¨â€âš–ï¸
.
.
.
.
.
.
.
.
.
#realestateagent #engelundvÃ¶lkers #realestate #engelundvÃ¶lkersbremerhaven #life #house #geestland #langen #cuxhaven #niedersachsen #bremerhaven #bremen #doppelhaushÃ¤lfte #Verkauf #Immobilien #Pool #Garage #Sauna #realestate #euv #immobilienverkauf #einfamilienhaus",1,42,2019-04-02T14:24:35+0000
https://www.instagram.com/celinevenhofen.immobilien/,celinevenhofen.immobilien,IMAGE,https://www.instagram.com/p/Butrhz2lZ8-/,Verkauft ğŸ–‹â£ï¸,1,29,2019-03-07T16:26:33+0000
https://www.instagram.com/celinevenhofen.immobilien/,celinevenhofen.immobilien,CAROUSEL_ALBUM,https://www.instagram.com/p/BuGp_Y8l0Y8/,"Vermietet! ğŸ˜ğŸ¡
â€¢
â€¢
â€¢
â€¢
â€¢
#bremerhaven #mietwohnung #engelundvÃ¶lkers #engelvÃ¶lkersbremerhaven #euv #realestate #immobilien #verkauf #deich #wasser #deichblick #estate #architekture #maisonette",2,45,2019-02-20T12:42:44+0000
https://www.instagram.com/celinevenhofen.immobilien/,celinevenhofen.immobilien,CAROUSEL_ALBUM,https://www.instagram.com/p/BuBw01xlP9R/,"Verkauft ! ğŸ¡ğŸ˜
#realestate #realestateagent #euv #engelundvÃ¶lkers #immobilien #verkauf #eigentumswohnung #wasser #seesicht #seesichtwohnung #immobilienverkauf #wasserlage #architecture #weser #engelvÃ¶lkersbremerhaven #bremerhaven #deich #bremen #cuxhaven",1,46,2019-02-18T15:06:16+0000
https://www.instagram.com/celinevenhofen.immobilien/,celinevenhofen.immobilien,IMAGE,https://www.instagram.com/p/Bt3i1YklWSP/,",,Be My Valentineâ€œ ğŸ’— schaut Euch bitte mal unsere sÃ¼ÃŸen Gutscheine zum Valentinstag an. Wenn Du auch an einer kostenlosen und unverbindlichen MarktpreiseinschÃ¤tzung Deiner Immobilie interessiert bist, dann melde Dich bei mir. ğŸ—ğŸ¥°ğŸ’Œ
.
.
.
.
.
.
.
.
#bemyvalentine #valentinstag #liebe #realestate #realestateagent #agent #immobilien #einwertung #verkauf #gutschein #engelundvÃ¶lkers #Love",2,34,2019-02-14T15:51:36+0000
https://www.instagram.com/celinevenhofen.immobilien/,celinevenhofen.immobilien,CAROUSEL_ALBUM,https://www.instagram.com/p/Bqjm6QnF01j/,Verkauft ğŸ”‘ğŸ’Œ,1,48,2018-11-24T08:28:13+0000
https://www.instagram.com/celinevenhofen.immobilien/,celinevenhofen.immobilien,CAROUSEL_ALBUM,https://www.instagram.com/p/BqSmktMFsI1/,Verkauft ğŸ–‹,0,40,2018-11-17T17:58:11+0000
https://www.instagram.com/celinevenhofen.immobilien/,celinevenhofen.immobilien,IMAGE,https://www.instagram.com/p/BqPmjnoFgb3/,Verkauft ğŸ˜ğŸ¡ #kapitalanlage #Jugendstilhaus #immobilien #realestate #realestateagent #eigentumswohnung #wohnung #bremerhaven #klushof #cuxhaven,2,45,2018-11-16T14:00:19+0000
https://www.instagram.com/celinevenhofen.immobilien/,celinevenhofen.immobilien,IMAGE,https://www.instagram.com/p/BqF15xmF_wk/,Verkauft ğŸ˜ğŸ–‹ğŸ¥‚ğŸ¾,3,43,2018-11-12T19:02:01+0000
